<?xml version="1.0"?>
<doc>
    <assembly>
        <name>PlateModel.Wpf</name>
    </assembly>
    <members>
        <member name="T:PlateModel.Wpf.Properties.Resources">
            <summary>
              A strongly-typed resource class, for looking up localized strings, etc.
            </summary>
        </member>
        <member name="P:PlateModel.Wpf.Properties.Resources.ResourceManager">
            <summary>
              Returns the cached ResourceManager instance used by this class.
            </summary>
        </member>
        <member name="P:PlateModel.Wpf.Properties.Resources.Culture">
            <summary>
              Overrides the current thread's CurrentUICulture property for all
              resource lookups using this strongly typed resource class.
            </summary>
        </member>
        <member name="T:PlateModel.Wpf.Plates.Iran.Input.SepahPlateInput">
            <summary>
            SepahPlateInput
            </summary>
        </member>
        <member name="M:PlateModel.Wpf.Plates.Iran.Input.SepahPlateInput.ValidateStandardPlate(System.String)">
            <summary>
            Validates plate string with standard Latin letters.
            </summary>
        </member>
        <member name="M:PlateModel.Wpf.Plates.Iran.Input.SepahPlateInput.InitializeComponent">
            <summary>
            InitializeComponent
            </summary>
        </member>
        <member name="T:PlateModel.Wpf.Plates.Iran.IRHistoricalPlate">
            <summary>
            IRHistoricalPlate
            </summary>
        </member>
        <member name="M:PlateModel.Wpf.Plates.Iran.IRHistoricalPlate.InitializeComponent">
            <summary>
            InitializeComponent
            </summary>
        </member>
        <member name="T:PlateModel.Wpf.Plates.Iran.IRFreeTradeZonePlate">
            <summary>
            IRFreeTradeZonePlate
            </summary>
        </member>
        <member name="M:PlateModel.Wpf.Plates.Iran.IRFreeTradeZonePlate.InitializeComponent">
            <summary>
            InitializeComponent
            </summary>
        </member>
        <member name="T:PlateModel.Wpf.Vectors.Iran.NationalPlateIranSymbol">
            <summary>
            NationalPlateIranSymbol
            </summary>
        </member>
        <member name="M:PlateModel.Wpf.Vectors.Iran.NationalPlateIranSymbol.InitializeComponent">
            <summary>
            InitializeComponent
            </summary>
        </member>
        <member name="T:PlateModel.Wpf.Plates.Iran.SepahPlate">
            <summary>
            SepahPlate
            </summary>
        </member>
        <member name="M:PlateModel.Wpf.Plates.Iran.SepahPlate.InitializeComponent">
            <summary>
            InitializeComponent
            </summary>
        </member>
        <member name="T:PlateModel.Wpf.Plates.Iran.IRNationalPlate">
            <summary>
            IRNationalPlate
            </summary>
        </member>
        <member name="M:PlateModel.Wpf.Plates.Iran.IRNationalPlate.InitializeComponent">
            <summary>
            InitializeComponent
            </summary>
        </member>
        <member name="T:PlateModel.Wpf.Vectors.Iran.DisabledPerson">
            <summary>
            DisabledPerson
            </summary>
        </member>
        <member name="M:PlateModel.Wpf.Vectors.Iran.DisabledPerson.InitializeComponent">
            <summary>
            InitializeComponent
            </summary>
        </member>
        <member name="T:PlateModel.Flags.IranFlag">
            <summary>
            IranFlag
            </summary>
        </member>
        <member name="M:PlateModel.Flags.IranFlag.InitializeComponent">
            <summary>
            InitializeComponent
            </summary>
        </member>
        <member name="T:PlateModel.Wpf.Plates.Iran.IRProtocolPlate">
            <summary>
            IRProtocolPlate
            </summary>
        </member>
        <member name="M:PlateModel.Wpf.Plates.Iran.IRProtocolPlate.InitializeComponent">
            <summary>
            InitializeComponent
            </summary>
        </member>
        <member name="T:PlateModel.Wpf.Plates.Iran.Input.IRNationalPlateInput">
            <summary>
            IRNationalPlateInput
            </summary>
        </member>
        <member name="M:PlateModel.Wpf.Plates.Iran.Input.IRNationalPlateInput.ValidatePlate(System.String)">
            <summary>
            Validates plate string with both Latin and Persian letters.
            </summary>
        </member>
        <member name="M:PlateModel.Wpf.Plates.Iran.Input.IRNationalPlateInput.ValidateStandardPlate(System.String)">
            <summary>
            Validates plate string with standard Latin letters.
            </summary>
        </member>
        <member name="M:PlateModel.Wpf.Plates.Iran.Input.IRNationalPlateInput.ConvertToStandard(System.String)">
            <summary>
            Converts a plate string to standard format.
            </summary>
        </member>
        <member name="M:PlateModel.Wpf.Plates.Iran.Input.IRNationalPlateInput.InitializeComponent">
            <summary>
            InitializeComponent
            </summary>
        </member>
        <member name="T:PlateModel.Wpf.Vectors.Flags.IranFlag">
            <summary>
            Interaction logic for IranFlag.xaml
            </summary>
            <summary>
            IranFlag
            </summary>
        </member>
        <member name="M:PlateModel.Wpf.Vectors.Flags.IranFlag.InitializeComponent">
            <summary>
            InitializeComponent
            </summary>
        </member>
        <member name="T:PlateModel.Wpf.Plates.Iran.IRMotorcyclePlate">
            <summary>
            IRMotorcyclePlate
            </summary>
        </member>
        <member name="M:PlateModel.Wpf.Plates.Iran.IRMotorcyclePlate.InitializeComponent">
            <summary>
            InitializeComponent
            </summary>
        </member>
        <member name="T:PlateModel.Wpf.Plates.Iran.Input.IRProtocolPlateInput">
            <summary>
            IRProtocolPlateInput
            </summary>
        </member>
        <member name="M:PlateModel.Wpf.Plates.Iran.Input.IRProtocolPlateInput.ValidateStandardPlate(System.String)">
            <summary>
            Validates plate string with standard Latin letters.
            </summary>
        </member>
        <member name="M:PlateModel.Wpf.Plates.Iran.Input.IRProtocolPlateInput.InitializeComponent">
            <summary>
            InitializeComponent
            </summary>
        </member>
    </members>
</doc>
